symbol,name,sector,mcap_cr
360ONE,360 ONE WAM Ltd.,FIN_SERVICES,32000
3MINDIA,3M India Ltd.,,27000
ABB,ABB India Ltd.,INFRA,76000
ACC,ACC Ltd.,INFRA,47000
ACMESOLAR,ACME Solar Holdings Ltd.,ENERGY,18328
AIAENG,AIA Engineering Ltd.,INFRA,18000
APLAPOLLO,APL Apollo Tubes Ltd.,INFRA,42000
AUBANK,AU Small Finance Bank Ltd.,FIN_SERVICES,46000
AWL,AWL Agri Business Ltd.,FMCG,24978
AADHARHFC,Aadhar Housing Finance Ltd.,FIN_SERVICES,20835
AARTIIND,Aarti Industries Ltd.,PHARMA,17826
AAVAS,Aavas Financiers Ltd.,FIN_SERVICES,12000
ABBOTINDIA,Abbott India Ltd.,HEALTHCARE,29000
ACE,Action Construction Equipment Ltd.,INFRA,10651
ACUTAAS,Acutaas Chemicals Ltd.,HEALTHCARE,24846
ADANIENSOL,Adani Energy Solutions Ltd.,ENERGY,175784
ADANIENT,Adani Enterprises Ltd.,METAL,310000
ADANIGREEN,Adani Green Energy Ltd.,ENERGY,196000
ADANIPORTS,Adani Ports and Special Economic Zone Ltd.,SERVICES,290000
ADANIPOWER,Adani Power Ltd.,ENERGY,230000
ATGL,Adani Total Gas Ltd.,OIL_GAS,48000
ABCAPITAL,Aditya Birla Capital Ltd.,FIN_SERVICES,95149
ABFRL,Aditya Birla Fashion and Retail Ltd.,SERVICES,7891
ABLBL,Aditya Birla Lifestyle Brands Ltd.,SERVICES,12404
ABREL,Aditya Birla Real Estate Ltd.,REALTY,14029
ABSLAMC,Aditya Birla Sun Life AMC Ltd.,FIN_SERVICES,19000
CPPLUS,Aditya Infotech Ltd.,INFRA,31215
AEGISLOG,Aegis Logistics Ltd.,OIL_GAS,25100
AEGISVOPAK,Aegis Vopak Terminals Ltd.,OIL_GAS,23083
AFCONS,Afcons Infrastructure Ltd.,INFRA,11861
AFFLE,Affle 3i Ltd.,IT,20902
AJANTPHARM,Ajanta Pharmaceuticals Ltd.,HEALTHCARE,28000
ALKEM,Alkem Laboratories Ltd.,HEALTHCARE,66000
ABDL,Allied Blenders and Distillers Ltd.,FMCG,15241
ARE&M,Amara Raja Energy & Mobility Ltd.,AUTO,16276
AMBER,Amber Enterprises India Ltd.,CONSR_DURBL,17000
AMBUJACEM,Ambuja Cements Ltd.,INFRA,82000
ANANDRATHI,Anand Rathi Wealth Ltd.,FIN_SERVICES,29781
ANANTRAJ,Anant Raj Ltd.,REALTY,12000
ANGELONE,Angel One Ltd.,FIN_SERVICES,21000
ANTHEM,Anthem Biosciences Ltd.,HEALTHCARE,43378
ANURAS,Anupam Rasayan India Ltd.,PHARMA,15601
APARINDS,Apar Industries Ltd.,INFRA,28000
APOLLOHOSP,Apollo Hospitals Enterprise Ltd.,HEALTHCARE,96000
APOLLOTYRE,Apollo Tyres Ltd.,AUTO,24876
APTUS,Aptus Value Housing Finance India Ltd.,FIN_SERVICES,13029
ASAHIINDIA,Asahi India Glass Ltd.,AUTO,22729
ASHOKLEY,Ashok Leyland Ltd.,INFRA,62000
ASIANPAINT,Asian Paints Ltd.,CONSR_DURBL,232000
ASTERDM,Aster DM Healthcare Ltd.,HEALTHCARE,22000
ASTRAL,Astral Ltd.,INFRA,42414
ATHERENERG,Ather Energy Ltd.,AUTO,22000
ATUL,Atul Ltd.,PHARMA,22000
AUROPHARMA,Aurobindo Pharma Ltd.,HEALTHCARE,52000
AIIL,Authum Investment & Infrastructure Ltd.,FIN_SERVICES,42024
DMART,Avenue Supermarts Ltd.,SERVICES,267622
AXISBANK,Axis Bank Ltd.,FIN_SERVICES,380000
BEML,BEML Ltd.,INFRA,15364
BLS,BLS International Services Ltd.,SERVICES,10924
BSE,BSE Ltd.,FIN_SERVICES,74000
BAJAJ-AUTO,Bajaj Auto Ltd.,AUTO,242000
BAJFINANCE,Bajaj Finance Ltd.,FIN_SERVICES,490000
BAJAJFINSV,Bajaj Finserv Ltd.,FIN_SERVICES,248000
BAJAJHLDNG,Bajaj Holdings & Investment Ltd.,FIN_SERVICES,82000
BAJAJHFL,Bajaj Housing Finance Ltd.,FIN_SERVICES,70835
BALKRISIND,Balkrishna Industries Ltd.,AUTO,42582
BALRAMCHIN,Balrampur Chini Mills Ltd.,FMCG,9000
BANDHANBNK,Bandhan Bank Ltd.,FIN_SERVICES,40000
BANKBARODA,Bank of Baroda,FIN_SERVICES,126000
BANKINDIA,Bank of India,FIN_SERVICES,66009
MAHABANK,Bank of Maharashtra,FIN_SERVICES,61671
BATAINDIA,Bata India Ltd.,CONSR_DURBL,8980
BAYERCROP,Bayer Cropscience Ltd.,PHARMA,20228
BELRISE,Belrise Industries Ltd.,AUTO,19335
BERGEPAINT,Berger Paints India Ltd.,CONSR_DURBL,60113
BDL,Bharat Dynamics Ltd.,INFRA,48749
BEL,Bharat Electronics Ltd.,INFRA,307084
BHARATFORG,Bharat Forge Ltd.,AUTO,92290
BHEL,Bharat Heavy Electricals Ltd.,INFRA,77000
BPCL,Bharat Petroleum Corporation Ltd.,OIL_GAS,132000
BHARTIARTL,Bharti Airtel Ltd.,SERVICES,950000
BHARTIHEXA,Bharti Hexacom Ltd.,SERVICES,77900
BIKAJI,Bikaji Foods International Ltd.,FMCG,16000
GROWW,Billionbrains Garage Ventures Ltd.,FIN_SERVICES,116878
BIOCON,Biocon Ltd.,HEALTHCARE,27000
BSOFT,Birlasoft Ltd.,IT,24000
BLUEDART,Blue Dart Express Ltd.,SERVICES,15000
BLUEJET,Blue Jet Healthcare Ltd.,HEALTHCARE,8665
BLUESTARCO,Blue Star Ltd.,CONSR_DURBL,21000
BBTC,Bombay Burmah Trading Corporation Ltd.,FMCG,10697
BOSCHLTD,Bosch Ltd.,AUTO,76000
FIRSTCRY,Brainbees Solutions Ltd.,SERVICES,11504
BRIGADE,Brigade Enterprises Ltd.,REALTY,29000
BRITANNIA,Britannia Industries Ltd.,FMCG,120000
MAPMYINDIA,C.E. Info Systems Ltd.,IT,4615
CCL,CCL Products (I) Ltd.,FMCG,14171
CESC,CESC Ltd.,ENERGY,18000
CGPOWER,CG Power and Industrial Solutions Ltd.,INFRA,138462
CIEINDIA,CIE Automotive India Ltd.,AUTO,17344
CRISIL,CRISIL Ltd.,FIN_SERVICES,29367
CANFINHOME,Can Fin Homes Ltd.,FIN_SERVICES,11179
CANBK,Canara Bank,FIN_SERVICES,100000
CANHLIFE,Canara HSBC Life Insurance Company Ltd.,FIN_SERVICES,13270
CAPLIPOINT,Caplin Point Laboratories Ltd.,HEALTHCARE,9000
CGCL,Capri Global Capital Ltd.,FIN_SERVICES,18357
CARBORUNIV,Carborundum Universal Ltd.,INFRA,19875
CARTRADE,Cartrade Tech Ltd.,SERVICES,8200
CASTROLIND,Castrol India Ltd.,OIL_GAS,18202
CEATLTD,Ceat Ltd.,AUTO,13305
CEMPRO,Cemindia Projects Ltd.,INFRA,16205
CENTRALBK,Central Bank of India,FIN_SERVICES,28077
CDSL,Central Depository Services (India) Ltd.,FIN_SERVICES,26000
CHALET,Chalet Hotels Ltd.,SERVICES,17272
CHAMBLFERT,Chambal Fertilizers & Chemicals Ltd.,PHARMA,19149
CHENNPETRO,Chennai Petroleum Corporation Ltd.,OIL_GAS,15186
CHOICEIN,Choice International Ltd.,FIN_SERVICES,15318
CHOLAHLDNG,Cholamandalam Financial Holdings Ltd.,FIN_SERVICES,31026
CHOLAFIN,Cholamandalam Investment and Finance Company Ltd.,FIN_SERVICES,109000
CIPLA,Cipla Ltd.,HEALTHCARE,120000
CUB,City Union Bank Ltd.,FIN_SERVICES,18882
CLEAN,Clean Science and Technology Ltd.,PHARMA,7942
COALINDIA,Coal India Ltd.,OIL_GAS,268000
COCHINSHIP,Cochin Shipyard Ltd.,INFRA,40151
COFORGE,Coforge Ltd.,IT,41000
COHANCE,Cohance Lifesciences Ltd.,HEALTHCARE,16654
COLPAL,Colgate Palmolive (India) Ltd.,FMCG,57000
CAMS,Computer Age Management Services Ltd.,FIN_SERVICES,24000
CONCORDBIO,Concord Biotech Ltd.,HEALTHCARE,11914
CONCOR,Container Corporation of India Ltd.,SERVICES,45000
COROMANDEL,Coromandel International Ltd.,PHARMA,54429
CRAFTSMAN,Craftsman Automation Ltd.,AUTO,8000
CREDITACC,CreditAccess Grameen Ltd.,FIN_SERVICES,16000
CROMPTON,Crompton Greaves Consumer Electricals Ltd.,CONSR_DURBL,21000
CUMMINSIND,Cummins India Ltd.,INFRA,59000
CYIENT,Cyient Ltd.,IT,14000
DCMSHRIRAM,DCM Shriram Ltd.,,16846
DLF,DLF Ltd.,REALTY,195000
DOMS,DOMS Industries Ltd.,FMCG,13368
DABUR,Dabur India Ltd.,FMCG,89000
DALBHARAT,Dalmia Bharat Ltd.,INFRA,41000
DATAPATTNS,Data Patterns (India) Ltd.,INFRA,22963
DEEPAKFERT,Deepak Fertilisers & Petrochemicals Corp. Ltd.,PHARMA,18307
DEEPAKNTR,Deepak Nitrite Ltd.,PHARMA,30000
DELHIVERY,Delhivery Ltd.,SERVICES,16000
DEVYANI,Devyani International Ltd.,SERVICES,14350
DIVISLAB,Divi's Laboratories Ltd.,HEALTHCARE,130000
DIXON,Dixon Technologies (India) Ltd.,CONSR_DURBL,48000
LALPATHLAB,Dr. Lal Path Labs Ltd.,HEALTHCARE,26783
DRREDDY,Dr. Reddy's Laboratories Ltd.,HEALTHCARE,128000
EIDPARRY,E.I.D. Parry (India) Ltd.,FMCG,13603
EIHOTEL,EIH Ltd.,SERVICES,20005
EICHERMOT,Eicher Motors Ltd.,AUTO,132000
ELECON,Elecon Engineering Co. Ltd.,INFRA,11784
ELGIEQUIP,Elgi Equipments Ltd.,INFRA,15000
EMAMILTD,Emami Ltd.,FMCG,32000
EMCURE,Emcure Pharmaceuticals Ltd.,HEALTHCARE,32202
EMMVEE,Emmvee Photovoltaic Power Ltd.,INFRA,20455
ENDURANCE,Endurance Technologies Ltd.,AUTO,19000
ENGINERSIN,Engineers India Ltd.,INFRA,12955
ERIS,Eris Lifesciences Ltd.,HEALTHCARE,15000
ESCORTS,Escorts Kubota Ltd.,INFRA,28000
ETERNAL,Eternal Ltd.,SERVICES,248000
EXIDEIND,Exide Industries Ltd.,AUTO,29000
NYKAA,FSN E-Commerce Ventures Ltd.,SERVICES,76270
FEDERALBNK,Federal Bank Ltd.,FIN_SERVICES,44000
FACT,Fertilisers and Chemicals Travancore Ltd.,PHARMA,58456
FINCABLES,Finolex Cables Ltd.,INFRA,16612
FSL,Firstsource Solutions Ltd.,SERVICES,19173
FIVESTAR,Five-Star Business Finance Ltd.,FIN_SERVICES,13435
FORCEMOT,Force Motors Ltd.,AUTO,26132
FORTIS,Fortis Healthcare Ltd.,HEALTHCARE,39000
GAIL,GAIL (India) Ltd.,OIL_GAS,129000
GVT&D,GE Vernova T&D India Ltd.,INFRA,124139
GMRAIRPORT,GMR Airports Ltd.,SERVICES,101609
GABRIEL,Gabriel India Ltd.,AUTO,15771
GALLANTT,Gallantt Ispat Ltd.,INFRA,16642
GRSE,Garden Reach Shipbuilders & Engineers Ltd.,INFRA,12000
GICRE,General Insurance Corporation of India,FIN_SERVICES,37000
GILLETTE,Gillette India Ltd.,FMCG,25000
GLAND,Gland Pharma Ltd.,HEALTHCARE,38024
GLAXO,Glaxosmithkline Pharmaceuticals Ltd.,HEALTHCARE,23000
GLENMARK,Glenmark Pharmaceuticals Ltd.,HEALTHCARE,26000
MEDANTA,Global Health Ltd.,HEALTHCARE,33020
GODIGIT,Go Digit General Insurance Ltd.,FIN_SERVICES,28255
GPIL,Godawari Power & Ispat Ltd.,INFRA,18557
GODFRYPHLP,Godfrey Phillips India Ltd.,FMCG,35851
GODREJCP,Godrej Consumer Products Ltd.,FMCG,102000
GODREJIND,Godrej Industries Ltd.,,38411
GODREJPROP,Godrej Properties Ltd.,REALTY,77000
GRANULES,Granules India Ltd.,HEALTHCARE,12000
GRAPHITE,Graphite India Ltd.,INFRA,14769
GRASIM,Grasim Industries Ltd.,INFRA,165000
GRAVITA,Gravita India Ltd.,METAL,8200
GESHIP,Great Eastern Shipping Co. Ltd.,SERVICES,14000
FLUOROCHEM,Gujarat Fluorochemicals Ltd.,PHARMA,41569
GMDCLTD,Gujarat Mineral Development Corporation Ltd.,METAL,22042
HEG,H.E.G. Ltd.,INFRA,11332
HBLENGINE,HBL Engineering Ltd.,INFRA,9500
HCLTECH,HCL Technologies Ltd.,IT,460000
HDBFS,HDB Financial Services Ltd.,FIN_SERVICES,56308
HDFCAMC,HDFC Asset Management Company Ltd.,FIN_SERVICES,108000
HDFCBANK,HDFC Bank Ltd.,FIN_SERVICES,1240000
HDFCLIFE,HDFC Life Insurance Company Ltd.,FIN_SERVICES,148000
HFCL,HFCL Ltd.,SERVICES,13000
HAVELLS,Havells India Ltd.,CONSR_DURBL,106000
HEROMOTOCO,Hero MotoCorp Ltd.,AUTO,87000
HEXT,Hexaware Technologies Ltd.,IT,30954
HSCL,Himadri Speciality Chemical Ltd.,PHARMA,30595
HINDALCO,Hindalco Industries Ltd.,METAL,155000
HAL,Hindustan Aeronautics Ltd.,INFRA,296114
HINDCOPPER,Hindustan Copper Ltd.,METAL,20000
HINDPETRO,Hindustan Petroleum Corporation Ltd.,OIL_GAS,72000
HINDUNILVR,Hindustan Unilever Ltd.,FMCG,580000
HINDZINC,Hindustan Zinc Ltd.,METAL,195000
POWERINDIA,Hitachi Energy India Ltd.,INFRA,160438
HOMEFIRST,Home First Finance Company India Ltd.,FIN_SERVICES,11354
HONASA,Honasa Consumer Ltd.,FMCG,12889
HONAUT,Honeywell Automation India Ltd.,INFRA,42000
HUDCO,Housing & Urban Development Corporation Ltd.,FIN_SERVICES,41367
HYUNDAI,Hyundai Motor India Ltd.,AUTO,153083
ICICIBANK,ICICI Bank Ltd.,FIN_SERVICES,880000
ICICIGI,ICICI Lombard General Insurance Company Ltd.,FIN_SERVICES,92000
ICICIAMC,ICICI Prudential Asset Management Company Ltd.,FIN_SERVICES,166101
ICICIPRULI,ICICI Prudential Life Insurance Company Ltd.,FIN_SERVICES,97000
IDBI,IDBI Bank Ltd.,FIN_SERVICES,78428
IDFCFIRSTB,IDFC First Bank Ltd.,FIN_SERVICES,45000
IFCI,IFCI Ltd.,FIN_SERVICES,17351
IIFL,IIFL Finance Ltd.,FIN_SERVICES,20196
IRB,IRB Infrastructure Developers Ltd.,INFRA,20000
IRCON,IRCON International Ltd.,INFRA,17000
ITCHOTELS,ITC Hotels Ltd.,SERVICES,32192
ITC,ITC Ltd.,FMCG,560000
ITI,ITI Ltd.,SERVICES,28914
INDGN,Indegene Ltd.,HEALTHCARE,12438
INDIACEM,India Cements Ltd.,INFRA,18808
INDIAMART,Indiamart Intermesh Ltd.,SERVICES,17000
INDIANB,Indian Bank,FIN_SERVICES,45000
IEX,Indian Energy Exchange Ltd.,FIN_SERVICES,16000
INDHOTEL,Indian Hotels Co. Ltd.,SERVICES,93541
IOC,Indian Oil Corporation Ltd.,OIL_GAS,203000
IOB,Indian Overseas Bank,FIN_SERVICES,64760
IRCTC,Indian Railway Catering And Tourism Corporation Ltd.,SERVICES,42976
IRFC,Indian Railway Finance Corporation Ltd.,FIN_SERVICES,193000
IREDA,Indian Renewable Energy Development Agency Ltd.,FIN_SERVICES,36391
IGL,Indraprastha Gas Ltd.,OIL_GAS,30000
INDUSTOWER,Indus Towers Ltd.,SERVICES,114256
INDUSINDBK,IndusInd Bank Ltd.,FIN_SERVICES,95000
NAUKRI,Info Edge (India) Ltd.,SERVICES,78000
INFY,Infosys Ltd.,IT,620000
INOXWIND,Inox Wind Ltd.,INFRA,16629
INTELLECT,Intellect Design Arena Ltd.,IT,9882
INDIGO,InterGlobe Aviation Ltd.,SERVICES,173249
IGIL,International Gemological Institute Ltd.,SERVICES,16476
IKS,Inventurus Knowledge Solutions Ltd.,IT,32000
IPCALAB,Ipca Laboratories Ltd.,HEALTHCARE,27000
JBCHEPHARM,J.B. Chemicals & Pharmaceuticals Ltd.,HEALTHCARE,21000
JKCEMENT,J.K. Cement Ltd.,INFRA,22000
JBMA,JBM Auto Ltd.,AUTO,15120
JKTYRE,JK Tyre & Industries Ltd.,AUTO,11363
JMFINANCIL,JM Financial Ltd.,FIN_SERVICES,9500
JSWCEMENT,JSW Cement Ltd.,INFRA,17635
JSWDULUX,JSW Dulux Ltd.,CONSR_DURBL,13251
JSWENERGY,JSW Energy Ltd.,ENERGY,101153
JSWINFRA,JSW Infrastructure Ltd.,SERVICES,58142
JSWSTEEL,JSW Steel Ltd.,METAL,228000
JAINREC,Jain Resource Recycling Ltd.,METAL,13781
JPPOWER,Jaiprakash Power Ventures Ltd.,ENERGY,8500
J&KBANK,Jammu & Kashmir Bank Ltd.,FIN_SERVICES,15434
JINDALSAW,Jindal Saw Ltd.,INFRA,17000
JSL,Jindal Stainless Ltd.,METAL,59963
JINDALSTEL,Jindal Steel Ltd.,METAL,78000
JIOFIN,Jio Financial Services Ltd.,FIN_SERVICES,158918
JUBLFOOD,Jubilant Foodworks Ltd.,SERVICES,28284
JUBLINGREA,Jubilant Ingrevia Ltd.,PHARMA,10994
JUBLPHARMA,Jubilant Pharmova Ltd.,HEALTHCARE,15604
JWL,Jupiter Wagons Ltd.,INFRA,12383
JYOTICNC,Jyoti CNC Automation Ltd.,INFRA,15016
KPRMILL,K.P.R. Mill Ltd.,,32411
KEI,KEI Industries Ltd.,INFRA,30000
KPITTECH,KPIT Technologies Ltd.,IT,52000
KAJARIACER,Kajaria Ceramics Ltd.,CONSR_DURBL,12000
KPIL,Kalpataru Projects International Ltd.,INFRA,18000
KALYANKJIL,Kalyan Jewellers India Ltd.,CONSR_DURBL,36709
KARURVYSYA,Karur Vysya Bank Ltd.,FIN_SERVICES,16000
KAYNES,Kaynes Technology India Ltd.,INFRA,22115
KEC,Kec International Ltd.,INFRA,13286
KFINTECH,Kfin Technologies Ltd.,FIN_SERVICES,14449
KIRLOSENG,Kirloskar Oil Eng Ltd.,INFRA,25453
KOTAKBANK,Kotak Mahindra Bank Ltd.,FIN_SERVICES,380000
KIMS,Krishna Institute of Medical Sciences Ltd.,HEALTHCARE,30721
LTF,L&T Finance Ltd.,FIN_SERVICES,70829
LTTS,L&T Technology Services Ltd.,IT,59000
LGEINDIA,LG Electronics India Ltd.,CONSR_DURBL,102997
LICHSGFIN,LIC Housing Finance Ltd.,FIN_SERVICES,29932
LTFOODS,LT Foods Ltd.,FMCG,14253
LTM,LTM Ltd.,IT,117707
LT,Larsen & Toubro Ltd.,INFRA,490000
LATENTVIEW,Latent View Analytics Ltd.,IT,6534
LAURUSLABS,Laurus Labs Ltd.,HEALTHCARE,22000
THELEELA,Leela Palaces Hotels & Resorts Ltd.,SERVICES,14018
LEMONTREE,Lemon Tree Hotels Ltd.,SERVICES,9281
LENSKART,Lenskart Solutions Ltd.,SERVICES,88316
LICI,Life Insurance Corporation of India,FIN_SERVICES,580000
LINDEINDIA,Linde India Ltd.,PHARMA,61818
LLOYDSME,Lloyds Metals And Energy Ltd.,METAL,104281
LODHA,Lodha Developers Ltd.,REALTY,128000
LUPIN,Lupin Ltd.,HEALTHCARE,78000
MMTC,MMTC Ltd.,SERVICES,9756
MRF,MRF Ltd.,AUTO,53930
MGL,Mahanagar Gas Ltd.,OIL_GAS,14000
M&MFIN,Mahindra & Mahindra Financial Services Ltd.,FIN_SERVICES,42395
M&M,Mahindra & Mahindra Ltd.,AUTO,390000
MANAPPURAM,Manappuram Finance Ltd.,FIN_SERVICES,20000
MRPL,Mangalore Refinery & Petrochemicals Ltd.,OIL_GAS,26499
MANKIND,Mankind Pharma Ltd.,HEALTHCARE,95000
MARICO,Marico Ltd.,FMCG,73000
MARUTI,Maruti Suzuki India Ltd.,AUTO,390000
MFSL,Max Financial Services Ltd.,FIN_SERVICES,59265
MAXHEALTH,Max Healthcare Institute Ltd.,HEALTHCARE,99000
MAZDOCK,Mazagoan Dock Shipbuilders Ltd.,INFRA,99236
MEESHO,Meesho Ltd.,SERVICES,88735
MINDACORP,Minda Corporation Ltd.,AUTO,14003
MSUMI,Motherson Sumi Wiring India Ltd.,AUTO,26016
MOTILALOFS,Motilal Oswal Financial Services Ltd.,FIN_SERVICES,47000
MPHASIS,MphasiS Ltd.,IT,57000
MCX,Multi Commodity Exchange of India Ltd.,FIN_SERVICES,21000
MUTHOOTFIN,Muthoot Finance Ltd.,FIN_SERVICES,61000
NATCOPHARM,NATCO Pharma Ltd.,HEALTHCARE,16000
NBCC,NBCC (India) Ltd.,INFRA,25000
NCC,NCC Ltd.,INFRA,14000
NHPC,NHPC Ltd.,ENERGY,80000
NLCINDIA,NLC India Ltd.,ENERGY,47617
NMDC,NMDC Ltd.,METAL,66000
NSLNISP,NMDC Steel Ltd.,METAL,13249
NTPCGREEN,NTPC Green Energy Ltd.,ENERGY,86825
NTPC,NTPC Ltd.,ENERGY,360000
NH,Narayana Hrudayalaya Ltd.,HEALTHCARE,26000
NATIONALUM,National Aluminium Co. Ltd.,METAL,29000
NAVA,Nava Ltd.,ENERGY,17259
NAVINFLUOR,Navin Fluorine International Ltd.,PHARMA,11000
NESTLEIND,Nestle India Ltd.,FMCG,232000
NETWEB,Netweb Technologies India Ltd.,IT,21932
NEULANDLAB,Neuland Laboratories Ltd.,HEALTHCARE,21902
NEWGEN,Newgen Software Technologies Ltd.,IT,6154
NAM-INDIA,Nippon Life India Asset Management Ltd.,FIN_SERVICES,69959
NIVABUPA,Niva Bupa Health Insurance Company Ltd.,FIN_SERVICES,15536
NUVAMA,Nuvama Wealth Management Ltd.,FIN_SERVICES,24000
NUVOCO,Nuvoco Vistas Corporation Ltd.,INFRA,11697
OBEROIRLTY,Oberoi Realty Ltd.,REALTY,62000
ONGC,Oil & Natural Gas Corporation Ltd.,OIL_GAS,385000
OIL,Oil India Ltd.,OIL_GAS,80045
OLAELEC,Ola Electric Mobility Ltd.,AUTO,15776
OLECTRA,Olectra Greentech Ltd.,AUTO,10095
PAYTM,One 97 Communications Ltd.,FIN_SERVICES,22000
ONESOURCE,Onesource Specialty Pharma Ltd.,HEALTHCARE,20700
OFSS,Oracle Financial Services Software Ltd.,IT,90000
POLICYBZR,PB Fintech Ltd.,FIN_SERVICES,67000
PCBL,PCBL Chemical Ltd.,PHARMA,11395
PGEL,PG Electroplast Ltd.,CONSR_DURBL,13330
PIIND,PI Industries Ltd.,PHARMA,52000
PNBHOUSING,PNB Housing Finance Ltd.,FIN_SERVICES,28472
PTCIL,PTC Industries Ltd.,INFRA,24784
PVRINOX,PVR INOX Ltd.,MEDIA,10000
PAGEIND,Page Industries Ltd.,,42725
PARADEEP,Paradeep Phosphates Ltd.,PHARMA,13251
PATANJALI,Patanjali Foods Ltd.,FMCG,50668
PERSISTENT,Persistent Systems Ltd.,IT,98000
PETRONET,Petronet LNG Ltd.,OIL_GAS,52000
PFIZER,Pfizer Ltd.,HEALTHCARE,21235
PHOENIXLTD,Phoenix Mills Ltd.,REALTY,60000
PWL,Physicswallah Ltd.,SERVICES,32037
PIDILITIND,Pidilite Industries Ltd.,PHARMA,135000
PINELABS,Pine Labs Ltd.,FIN_SERVICES,15839
PIRAMALFIN,Piramal Finance Ltd.,FIN_SERVICES,44053
PPLPHARMA,Piramal Pharma Ltd.,HEALTHCARE,23694
POLYMED,Poly Medicure Ltd.,HEALTHCARE,14611
POLYCAB,Polycab India Ltd.,INFRA,68000
POONAWALLA,Poonawalla Fincorp Ltd.,FIN_SERVICES,37000
PFC,Power Finance Corporation Ltd.,FIN_SERVICES,143125
POWERGRID,Power Grid Corporation of India Ltd.,ENERGY,295000
PREMIERENE,Premier Energies Ltd.,INFRA,45888
PRESTIGE,Prestige Estates Projects Ltd.,REALTY,72000
PNB,Punjab National Bank,FIN_SERVICES,130000
RRKABEL,R R Kabel Ltd.,INFRA,14000
RBLBANK,RBL Bank Ltd.,FIN_SERVICES,10000
RECLTD,REC Ltd.,FIN_SERVICES,88898
RHIM,RHI MAGNESITA INDIA LTD.,INFRA,8376
RITES,RITES Ltd.,INFRA,16000
RADICO,Radico Khaitan Ltd,FMCG,21000
RVNL,Rail Vikas Nigam Ltd.,INFRA,95000
RAILTEL,Railtel Corporation Of India Ltd.,SERVICES,16000
RAINBOW,Rainbow Childrens Medicare Ltd.,HEALTHCARE,13851
RKFORGE,Ramkrishna Forgings Ltd.,AUTO,10332
REDINGTON,Redington Ltd.,SERVICES,17552
RELIANCE,Reliance Industries Ltd.,OIL_GAS,1950000
RPOWER,Reliance Power Ltd.,ENERGY,11038
SBFC,SBFC Finance Ltd.,FIN_SERVICES,10162
SBICARD,SBI Cards and Payment Services Ltd.,FIN_SERVICES,57000
SBILIFE,SBI Life Insurance Company Ltd.,FIN_SERVICES,146000
SJVN,SJVN Ltd.,ENERGY,36000
SRF,SRF Ltd.,PHARMA,64000
SAGILITY,Sagility Ltd.,IT,19535
SAILIFE,Sai Life Sciences Ltd.,HEALTHCARE,24202
SAMMAANCAP,Sammaan Capital Ltd.,FIN_SERVICES,19220
MOTHERSON,Samvardhana Motherson International Ltd.,AUTO,78000
SAPPHIRE,Sapphire Foods India Ltd.,SERVICES,5954
SARDAEN,Sarda Energy and Minerals Ltd.,METAL,18778
SAREGAMA,Saregama India Ltd,MEDIA,7603
SCHAEFFLER,Schaeffler India Ltd.,AUTO,44000
SCHNEIDER,Schneider Electric Infrastructure Ltd.,INFRA,32920
SCI,Shipping Corporation of India Ltd.,SERVICES,8000
SHREECEM,Shree Cement Ltd.,INFRA,87000
SHRIRAMFIN,Shriram Finance Ltd.,FIN_SERVICES,111000
SHYAMMETL,Shyam Metalics and Energy Ltd.,INFRA,27247
ENRIN,Siemens Energy India Ltd.,INFRA,123310
SIEMENS,Siemens Ltd.,INFRA,132000
SIGNATURE,Signatureglobal (India) Ltd.,REALTY,11281
SOBHA,Sobha Ltd.,REALTY,14000
SOLARINDS,Solar Industries India Ltd.,PHARMA,167217
SONACOMS,Sona BLW Precision Forgings Ltd.,AUTO,25000
SONATSOFTW,Sonata Software Ltd.,IT,7476
STARHEALTH,Star Health and Allied Insurance Company Ltd.,FIN_SERVICES,30835
SBIN,State Bank of India,FIN_SERVICES,760000
SAIL,Steel Authority of India Ltd.,METAL,47000
SUMICHEM,Sumitomo Chemical India Ltd.,PHARMA,24411
SUNPHARMA,Sun Pharmaceutical Industries Ltd.,HEALTHCARE,425000
SUNTV,Sun TV Network Ltd.,MEDIA,24000
SUNDARMFIN,Sundaram Finance Ltd.,FIN_SERVICES,47533
SUPREMEIND,Supreme Industries Ltd.,INFRA,45380
SPLPETRO,Supreme Petrochem Ltd.,PHARMA,12615
SUZLON,Suzlon Energy Ltd.,INFRA,74860
SWANCORP,Swan Corp Ltd.,PHARMA,9990
SWIGGY,Swiggy Ltd.,SERVICES,88000
SYNGENE,Syngene International Ltd.,HEALTHCARE,16000
SYRMA,Syrma SGS Technology Ltd.,INFRA,20366
TBOTEK,TBO Tek Ltd.,SERVICES,12974
TVSMOTOR,TVS Motor Company Ltd.,AUTO,107000
TATACAP,Tata Capital Ltd.,FIN_SERVICES,133669
TATACHEM,Tata Chemicals Ltd.,PHARMA,19970
TATACOMM,Tata Communications Ltd.,SERVICES,50000
TCS,Tata Consultancy Services Ltd.,IT,1420000
TATACONSUM,Tata Consumer Products Ltd.,FMCG,76000
TATAELXSI,Tata Elxsi Ltd.,IT,45000
TATAINVEST,Tata Investment Corporation Ltd.,FIN_SERVICES,35143
TMCV,Tata Motors Ltd.,INFRA,180000
TMPV,Tata Motors Passenger Vehicles Ltd.,AUTO,180000
TATAPOWER,Tata Power Co. Ltd.,ENERGY,132000
TATASTEEL,Tata Steel Ltd.,METAL,195000
TATATECH,Tata Technologies Ltd.,IT,28679
TTML,Tata Teleservices (Maharashtra) Ltd.,SERVICES,8396
TECHM,Tech Mahindra Ltd.,IT,128000
TECHNOE,Techno Electric & Engineering Company Ltd.,INFRA,13970
TEGA,Tega Industries Ltd.,INFRA,11935
TEJASNET,Tejas Networks Ltd.,SERVICES,8896
TENNIND,Tenneco Clean Air India Ltd.,AUTO,0
NIACL,The New India Assurance Company Ltd.,FIN_SERVICES,9000
RAMCOCEM,The Ramco Cements Ltd.,INFRA,24000
THERMAX,Thermax Ltd.,INFRA,31000
TIMKEN,Timken India Ltd.,INFRA,16000
TITAGARH,Titagarh Rail Systems Ltd.,INFRA,12000
TITAN,Titan Company Ltd.,CONSR_DURBL,315000
TORNTPHARM,Torrent Pharmaceuticals Ltd.,HEALTHCARE,102000
TORNTPOWER,Torrent Power Ltd.,ENERGY,63000
TARIL,Transformers And Rectifiers (India) Ltd.,INFRA,9635
TRAVELFOOD,Travel Food Services Ltd.,SERVICES,15817
TRENT,Trent Ltd.,SERVICES,150712
TRIDENT,Trident Ltd.,,12459
TRITURBINE,Triveni Turbine Ltd.,INFRA,21949
TIINDIA,Tube Investments of India Ltd.,AUTO,58826
UCOBANK,UCO Bank,FIN_SERVICES,31863
UNOMINDA,UNO Minda Ltd.,AUTO,31000
UPL,UPL Ltd.,PHARMA,55366
UTIAMC,UTI Asset Management Company Ltd.,FIN_SERVICES,17000
ULTRACEMCO,UltraTech Cement Ltd.,INFRA,315000
UNIONBANK,Union Bank of India,FIN_SERVICES,102000
UBL,United Breweries Ltd.,FMCG,35528
UNITDSPR,United Spirits Ltd.,FMCG,56000
URBANCO,Urban Company Ltd.,SERVICES,18037
USHAMART,Usha Martin Ltd.,INFRA,14636
VTL,Vardhman Textiles Ltd.,,17318
VBL,Varun Beverages Ltd.,FMCG,192000
VEDL,Vedanta Ltd.,METAL,134677
VIJAYA,Vijaya Diagnostic Centre Ltd.,HEALTHCARE,12961
VMM,Vishal Mega Mart Ltd.,SERVICES,56616
IDEA,Vodafone Idea Ltd.,SERVICES,42000
VOLTAS,Voltas Ltd.,CONSR_DURBL,44000
WAAREEENER,Waaree Energies Ltd.,INFRA,88830
WELCORP,Welspun Corp Ltd.,INFRA,13000
WELSPUNLIV,Welspun Living Ltd.,,13268
WHIRLPOOL,Whirlpool of India Ltd.,CONSR_DURBL,16000
WIPRO,Wipro Ltd.,IT,260000
WOCKPHARMA,Wockhardt Ltd.,HEALTHCARE,27627
YESBANK,Yes Bank Ltd.,FIN_SERVICES,71653
ZFCVINDIA,ZF Commercial Vehicle Control Systems India Ltd.,AUTO,28231
ZEEL,Zee Entertainment Enterprises Ltd.,MEDIA,12000
ZENTEC,Zen Technologies Ltd.,INFRA,14415
ZENSARTECH,Zensar Technolgies Ltd.,IT,13000
ZYDUSLIFE,Zydus Lifesciences Ltd.,HEALTHCARE,82000
ZYDUSWELL,Zydus Wellness Ltd.,FMCG,15305
ECLERX,eClerx Services Ltd.,SERVICES,14606
